episode,max_q_error,greedy_start_value,q_start_quit,q_start_invest,q_work_finish,q_work_wait,truncations
1,2.0,1.0,1.0,0.0,0.0,0.0,0
500,2.5770496847599134e-12,1.6,1.0,1.599999999997423,2.0,1.7,4
1000,5.551115123125783e-15,1.6,1.0,1.5999999999999945,2.0,1.7,6
1500,5.551115123125783e-15,1.6,1.0,1.5999999999999945,2.0,1.7,9
2000,5.551115123125783e-15,1.6,1.0,1.5999999999999945,2.0,1.7,14
2500,5.551115123125783e-15,1.6,1.0,1.5999999999999945,2.0,1.7,17
3000,5.551115123125783e-15,1.6,1.0,1.5999999999999945,2.0,1.7,21
3500,5.551115123125783e-15,1.6,1.0,1.5999999999999945,2.0,1.7,28
4000,5.551115123125783e-15,1.6,1.0,1.5999999999999945,2.0,1.7,32
4500,5.551115123125783e-15,1.6,1.0,1.5999999999999945,2.0,1.7,36
5000,5.551115123125783e-15,1.6,1.0,1.5999999999999945,2.0,1.7,36
5500,5.551115123125783e-15,1.6,1.0,1.5999999999999945,2.0,1.7,41
6000,5.551115123125783e-15,1.6,1.0,1.5999999999999945,2.0,1.7,46
6500,5.551115123125783e-15,1.6,1.0,1.5999999999999945,2.0,1.7,52
7000,5.551115123125783e-15,1.6,1.0,1.5999999999999945,2.0,1.7,55
7500,5.551115123125783e-15,1.6,1.0,1.5999999999999945,2.0,1.7,60
8000,5.551115123125783e-15,1.6,1.0,1.5999999999999945,2.0,1.7,64
8500,5.551115123125783e-15,1.6,1.0,1.5999999999999945,2.0,1.7,71
9000,5.551115123125783e-15,1.6,1.0,1.5999999999999945,2.0,1.7,79
9500,5.551115123125783e-15,1.6,1.0,1.5999999999999945,2.0,1.7,83
10000,5.551115123125783e-15,1.6,1.0,1.5999999999999945,2.0,1.7,88
10500,5.551115123125783e-15,1.6,1.0,1.5999999999999945,2.0,1.7,94
11000,5.551115123125783e-15,1.6,1.0,1.5999999999999945,2.0,1.7,100
11500,5.551115123125783e-15,1.6,1.0,1.5999999999999945,2.0,1.7,102
12000,5.551115123125783e-15,1.6,1.0,1.5999999999999945,2.0,1.7,104
12500,5.551115123125783e-15,1.6,1.0,1.5999999999999945,2.0,1.7,110
13000,5.551115123125783e-15,1.6,1.0,1.5999999999999945,2.0,1.7,112
13500,5.551115123125783e-15,1.6,1.0,1.5999999999999945,2.0,1.7,118
14000,5.551115123125783e-15,1.6,1.0,1.5999999999999945,2.0,1.7,122
14500,5.551115123125783e-15,1.6,1.0,1.5999999999999945,2.0,1.7,127
15000,5.551115123125783e-15,1.6,1.0,1.5999999999999945,2.0,1.7,131
15500,5.551115123125783e-15,1.6,1.0,1.5999999999999945,2.0,1.7,135
16000,5.551115123125783e-15,1.6,1.0,1.5999999999999945,2.0,1.7,139
16500,5.551115123125783e-15,1.6,1.0,1.5999999999999945,2.0,1.7,143
17000,5.551115123125783e-15,1.6,1.0,1.5999999999999945,2.0,1.7,148
17500,5.551115123125783e-15,1.6,1.0,1.5999999999999945,2.0,1.7,156
18000,5.551115123125783e-15,1.6,1.0,1.5999999999999945,2.0,1.7,157
18500,5.551115123125783e-15,1.6,1.0,1.5999999999999945,2.0,1.7,159
19000,5.551115123125783e-15,1.6,1.0,1.5999999999999945,2.0,1.7,162
19500,5.551115123125783e-15,1.6,1.0,1.5999999999999945,2.0,1.7,163
20000,5.551115123125783e-15,1.6,1.0,1.5999999999999945,2.0,1.7,168
