step,train_mse,validation_mse,pre_update_grad_norm
0,19.668559025155247,18.799405436873588,
1,13.715725591730484,12.515402186184819,11.419930022962784
50,0.034424070459520485,0.021827333665607417,0.5932025193146543
100,8.70134291690072e-05,0.00011845854545972669,0.013658639741366465
150,2.0853507060388933e-06,2.1808080878332396e-06,0.004062267821273396
200,8.268080298840792e-09,5.375815111456655e-09,0.0002795169197783965
250,2.488551575005938e-11,1.9207325830151032e-11,5.488652186003884e-06
300,2.0242214830135138e-13,2.7612099530108437e-13,1.2180376473888441e-06
350,8.052627711061838e-16,6.231098061958232e-16,1.0631437077850088e-07
400,5.293623888721199e-18,2.713216536403112e-18,4.619468283983612e-09
450,3.771041581998936e-20,4.236112982943166e-20,4.2810178732791205e-10
500,6.063505430913302e-23,8.238263848587131e-23,3.4395019806765995e-11
550,4.1242189727269736e-25,2.4122864815426627e-25,1.7660208639111587e-12
600,6.797044036877129e-27,5.907101391859733e-27,1.8629804524114785e-13
650,1.499575277018567e-29,1.5629306684691296e-29,1.2465135000094078e-14
700,0.0,0.0,1.169745225255967e-15
750,3.229399330748517e-31,4.930380657631324e-32,0.0
800,1.656607900964125e-30,3.944304526105059e-31,1.1799743631601008e-15
