learning_rate,step,train_loss,validation_loss,gradient_norm,processed_tokens,elapsed_seconds
0.001,0,2.5635729754412617,2.5700133429633247,0.0,0,0.0
0.001,20,2.0104173448350693,2.0984190622965495,1.2208670377731323,2868,0.6682371999995667
0.001,40,1.641162759286386,1.7951218711005317,1.567224144935608,5762,1.20194160000392
0.001,60,1.3155309323911313,1.5154904471503363,2.0376205444335938,8630,1.771898400002101
0.001,80,1.0694814611364294,1.3240055508083768,2.3085615634918213,11536,2.3229670000000624
0.001,100,0.8849433051215277,1.1870853635999892,2.3093202114105225,14428,2.897313200002827
0.001,120,0.7769771575927734,1.1189156850179036,2.874370813369751,17296,3.4591199999995297
0.001,140,0.6993546945077401,1.0608617252773709,2.6480350494384766,20164,3.964441500000248
0.001,160,0.6436106929072627,1.06646785736084,1.6265790462493896,23008,4.427763799998502
0.001,180,0.6206708625510887,1.0411140229966906,2.3148086071014404,25864,4.916959800000768
0.001,200,0.5914630254109701,1.0535254690382216,2.3045506477355957,28794,5.411395700000867
0.003,0,2.5635729754412617,2.5700133429633247,0.0,0,0.0
0.003,20,1.4357848838523581,1.64545529683431,1.2167894840240479,2868,0.5384507999988273
0.003,40,0.8371069731535735,1.1830149756537542,1.9191150665283203,5762,1.0659046000000671
0.003,60,0.658134651184082,1.1301437377929688,2.2192680835723877,8630,1.6346648999970057
0.003,80,0.6006534293845848,1.1292440838283964,2.0059354305267334,11536,2.1980320000002393
0.003,100,0.5816140563399703,1.0806404007805719,1.8393092155456543,14428,2.759866199994576
0.003,120,0.5471335728963216,1.1233670870463053,1.9316039085388184,17296,3.3258078999933787
0.003,140,0.5455205564145689,1.1304700215657553,1.421178936958313,20164,3.8438889999961248
0.003,160,0.5235933798330802,1.1717886394924588,1.2226126194000244,23008,4.391554299996642
0.003,180,0.5158507876925998,1.1647155125935873,1.5115214586257935,25864,4.941181499998493
0.003,200,0.5271955843325015,1.1876252916124133,1.00999915599823,28794,5.481835699996736
