branch,learning_rate,step,processed_tokens,train_loss,validation_loss,validation_tokens,validation_token_accuracy
base_lr,0.003,0,0,2.563573054946089,2.5700132579900647,360,0.09444444444444444
base_lr,0.003,10,1420,1.9183433722883962,2.033686800554027,360,0.41388888888888886
base_lr,0.003,20,2868,1.4357852961683573,1.6454555882020447,360,0.6611111111111111
base_lr,0.003,30,4312,1.0709338240106365,1.325396226690392,360,0.6805555555555556
base_lr,0.003,40,5762,0.8371077040123999,1.183015416514777,360,0.7027777777777777
alternate_lr,0.001,0,0,2.563573054946089,2.5700132579900647,360,0.09444444444444444
alternate_lr,0.001,10,1420,2.225200274028422,2.2692294984932193,360,0.3611111111111111
alternate_lr,0.001,20,2868,2.010417029773427,2.0984187163614068,360,0.4527777777777778
alternate_lr,0.001,30,4312,1.8202887073472576,1.9446149216636022,360,0.6
alternate_lr,0.001,40,5762,1.6411620752485176,1.7951212718724627,360,0.6138888888888889
