branch,step,batch_ids,loss,valid_tokens,processed_tokens,gradient_norm,batch_equal,loss_difference,parameters_sha256,optimizer_sha256,rng_sha256,parameters_equal,optimizer_equal,rng_equal
continuous,1,"[3, 28, 21, 9, 37, 46, 16, 15, 32, 31, 8, 29, 13, 28, 17, 19]",2.56067121627784,130,130,1.3642994663475707,True,0.0,90801767a4f4a1d81b5796f736689506106b0ead52227636a2282d2b63b43b61,51e4f4010205395b91106e4908d6fc6eeb361759f8a40e02647d28349737b899,074a46eb158ae7061ab975e24f3de6aa907fa18da5532925bf0a788bdf11a518,True,True,True
continuous,2,"[2, 43, 20, 25, 57, 17, 7, 13, 42, 59, 10, 14, 22, 29, 12, 17]",2.439932674474309,136,266,1.1413984026932353,True,0.0,1bbc976525bfa5e753e511cbfd6e0804678d652d6d9932c45ed9dc9ccf45f62b,56b6afee535a1738789975a9674648e5e3617e1d7a738436ef9c166a2c811b33,0761fd63021a823a5c8d3d94e7fb09dba32524facb9cbdb6add803fdfcdd55b4,True,True,True
continuous,3,"[35, 40, 25, 53, 55, 19, 2, 37, 10, 18, 58, 53, 21, 13, 30, 45]",2.3737197881344176,146,412,1.2350754041001422,True,0.0,928568a3e08f48e7ce970a5796df98f0dfe504de9087263f553b4bf3659d4dbd,c0ea38fb22b473c98fb124f66143420e4716416baea1b594133d76838e291c42,92f962aa56c3ac719c44a04164d891210f8427f6f2efde06a4e2d5ba843f8e3d,True,True,True
continuous,4,"[35, 47, 8, 15, 27, 43, 14, 15, 24, 33, 45, 44, 28, 52, 23, 23]",2.29061768298983,146,558,1.3246464749003914,True,0.0,646ff98c0531c19e89ff9e14c6e0d374a875e4228e9a4152f756c09470bede91,ffdb5effafed8f7a737275d4ae78043805e132ddb05737b0b7818401f1818d1a,c2f151bca4d97eaabf74732e366e5be1b87af859f3ee5ca6cf9c9ae95aed7cf7,True,True,True
continuous,5,"[22, 48, 39, 45, 38, 30, 3, 7, 8, 43, 28, 49, 20, 22, 31, 48]",2.203631947157968,148,706,1.411844861273336,True,0.0,c30d01e3cc6aa676312a928a5624d97550d95fccf1153bebaa9d7f583e9435b3,225c2c3b5dc33d7228f47004c7211c4fb71c192ec4f0a38e4b62c367e5cbe29b,9ef400bc773e7e8b5fec51f74dc96797e4ddd76525de144b23d0609440483fcf,True,True,True
continuous,6,"[1, 27, 42, 38, 54, 38, 26, 27, 58, 42, 45, 46, 27, 12, 17, 14]",2.161364832369971,148,854,1.3933875304039913,True,0.0,be075caff123627206e2754dfd4acd0cd2b3375736fe1a44bee9ff4dbfe2fc82,3bf061347ace4dcf586760abf5089e65438861b088e4f135898fdd2db4553a5f,9240607713aba8da05e2e106829960d184e19f59020d8a0a9e45c6be5caa2698,True,True,True
continuous,7,"[47, 6, 25, 22, 10, 42, 47, 31, 16, 29, 4, 0, 14, 30, 49, 15]",2.1128378743641685,138,992,1.438206090842321,True,0.0,6a91c67b7c2746fe0fccfb0c27302d096e69c971663491d0e492c2f96e73cf58,fe194d75fe6ded58f68d257741543dcfc56bf298284efcb32bce717b184c9b11,234f148c9209a991b7eea84b8c8c5299546e8099775c249e82ee2f5ecbfcc605,True,True,True
continuous,8,"[16, 39, 13, 20, 0, 54, 3, 22, 52, 34, 31, 32, 21, 6, 3, 35]",2.095932665828815,136,1128,1.3343240002707433,True,0.0,bd9338edf84a754df4484f95aaf46c2f4aa6b8430b6f24671c69433f170ab1e4,da9cf4bae932b3ca4112c9ce66b1ad53291c712cfd310486002c1e6121ebceed,0059210755c0b9d2479d2e1892313ab7c6668bb072e8eec1e65ea07b520e2a68,True,True,True
continuous,9,"[7, 3, 6, 0, 0, 39, 13, 50, 7, 35, 47, 58, 8, 56, 25, 3]",1.9919103761482433,134,1262,1.317106937699756,True,0.0,001856ce5537acd07820c697b1d754ad6aa8f9af77cd289b0b9889e2918ec065,2e78cce4ed50544b789477f5ea969cd46384b06090f5fe004fa925c2dc8796be,82984ef630cf89461551b4703d809a802f7814d46b7d914f72db7566cef968d9,True,True,True
continuous,10,"[48, 31, 55, 44, 47, 0, 21, 24, 59, 46, 49, 41, 2, 42, 50, 15]",1.9616803683857225,158,1420,1.359612397823076,True,0.0,905417f733ebf1988f4e2b2c2701943de0afff545d720f65b318d5f5f3242909,c7f1f05ee4af084789cadfeb792e6adb4dcd514082de40154353fbcaec5e7235,6ac86fbcfe935f8a5fd5f71d92728f65ef8507fc7502fcf539f5cdc2d1859866,True,True,True
continuous,11,"[27, 32, 26, 5, 1, 26, 20, 48, 29, 37, 31, 9, 13, 12, 28, 36]",1.9033947036523629,136,1556,1.406567832056188,True,0.0,d36c5f30b7e6b14241a30e1db63091ad8a56dc3ca807f5fa77e56e389e8e1add,91514cec52d8ba2eb9aacbb6ce2c557611e64d3c1cda672c7f9ab63919923cc6,3c64ca29e2b1a31922cbe6a72047e57fb4abbb0810634ee1f2ce84530acce02e,True,True,True
continuous,12,"[8, 52, 42, 15, 44, 17, 4, 40, 31, 45, 38, 17, 57, 52, 42, 18]",1.862450953291324,148,1704,1.3382904021856936,True,0.0,f078f72e4e4b1240d19b77e3030c897d901e65020152cd03db932795f39db248,6dad5fe5482410d6db69021034a0d30505ae7dc9766562f6c59c4683e19c3ba8,af0f5441956acf61c78af81c760b6c54e4b45983c03916e9309b7253f94bc2a0,True,True,True
continuous,13,"[9, 26, 10, 16, 3, 26, 55, 35, 19, 26, 21, 18, 4, 44, 7, 2]",1.8256820303506451,130,1834,1.6277482574522582,True,0.0,319ba0444a430cb87a5bd33c908b287f6c9417057b474da3905dfd038c4907bd,9499cf3f585c36055b3aa15581889f99d9be9eb7fbdfcb01f188c55cd8658028,04d58fffc852c90861c0f8d68163725e28aba887939c908e5ca41e6a8e75cd78,True,True,True
continuous,14,"[47, 20, 21, 41, 22, 7, 11, 28, 0, 4, 58, 56, 3, 56, 10, 45]",1.7593696864520325,144,1978,1.3337722305572475,True,0.0,057229e4416ad7fe07b88a23106b6f04af17e77a4cb65aa9c5ab5dff7895b707,b73d5c21d1fab929f75357a4a410c2f6a226bc3e66ab5272c9954ac42bd91b60,ec9790d147dba130f5645e24949099a3336f9a695c3b44597a419a0d6cb27a77,True,True,True
continuous,15,"[36, 25, 3, 8, 40, 46, 11, 34, 49, 54, 33, 6, 3, 50, 29, 54]",1.7366616447592922,146,2124,1.518752360918023,True,0.0,fac4a00f27150d6521fe317863b76ff8b83c6105dc260fe4593bd04926f25fef,394f1708bb036b1b219c2dd0e05a0acff058df69a1d70689f5b6514643206083,bfcba02c7787a39b8fea52686e29729318c0e4527e60bb63c78bfa634ac8aae2,True,True,True
continuous,16,"[46, 24, 58, 33, 2, 4, 50, 8, 42, 7, 33, 37, 21, 11, 47, 20]",1.662818457337712,144,2268,1.418441751340685,True,0.0,9941caea4387801b57339a8dc7df98b625a76edaf6aeb5264db6d4cc483c75c9,b0fb61b57501cf3626010aaf4b9bdf10fd848fea9f093b051e2a2558f40b3320,a1fed14d996e7ab4a092c07fc099249f74db5fca4f65fe1cc338883882be2adf,True,True,True
continuous,17,"[12, 50, 36, 44, 25, 9, 30, 8, 55, 18, 11, 8, 5, 37, 1, 18]",1.6373903175691302,132,2400,1.3350658795704071,True,0.0,52ccea0d245c43af29c424571f3471165b3a37448539599fcb0e057ce27cc2e3,737379daa5c8481473b5df29e3a3cefc2ea01e072f084ed665d604d4325fc452,4981b73b16fb87bd1dfe47575b5715b6110c10c2fc2b7b4de4a637706a475524,True,True,True
continuous,18,"[56, 33, 36, 52, 36, 17, 52, 52, 17, 42, 20, 22, 21, 48, 45, 23]",1.5619808806581232,154,2554,1.4793522173984366,True,0.0,f421bbee19550ef2782984e6bac3a80fb6007162b8c6681926bb8188cf8ad825,d852396f81c76fdcb9f3bec459366623a5bc0a46099a51234c739856bfdcfab1,35ea7e922c7110b6026ce8cb372396297ab31db11dec661765f1372a1739cb04,True,True,True
continuous,19,"[53, 21, 57, 22, 40, 21, 42, 59, 58, 23, 47, 46, 8, 47, 59, 47]",1.52580437781239,164,2718,1.6466354269696133,True,0.0,9c1c5c969dab4a17125eabcef0de3cfec07c784cb6b80fe32c97d2960dc774ae,ed5225e366459f237cc54639b4162946ac894f37012db48979e4c6a9c26d688d,135b53987f1da5d399fe4f8eb3e19b20ba8789cef89799a9e187475fee72a4b3,True,True,True
continuous,20,"[47, 16, 2, 34, 16, 40, 39, 8, 46, 59, 41, 35, 28, 33, 48, 42]",1.4756554474987646,150,2868,1.216789059104625,True,0.0,9c32f98ace07ff117b38d7daf1d2989a24fa3f11454fd4d1253ecdc3687094b6,683435e8b3f60b46399917660cc902041907c432d8eb537e71ab8ad58325064e,5cbc00804a811dc9b484dbb4059ae958e044f82996e4cf63ca28bee05056a478,True,True,True
continuous,21,"[18, 46, 40, 6, 57, 21, 49, 11, 21, 8, 0, 54, 14, 57, 13, 45]",1.4485634876684508,144,3012,1.3425347585669252,True,0.0,eaf7a1c2c7c36a6889a17859364799627ae6ce4545a3e0484ae63b46773e33a1,0b1a558fa721abd1b7d52b3a041c54dd09bb3e796509109fdd1d68d59b6f0c8e,99af9c5d437f906406408ae90e9375519f5cfeb40ca43a3c70f3cde75ce29d9a,True,True,True
continuous,22,"[18, 17, 36, 46, 19, 13, 18, 20, 11, 30, 57, 8, 51, 54, 28, 1]",1.3926032089149916,136,3148,1.5002831569225168,True,0.0,c4e0ade97ead15ec3e8076f43a6e64541618ecbb0200f04a7b04f62e17bf14f5,32d79581aa369da3623f7d7c13832cf32e479142d9ef116223c8b2165c238767,b613ff6f85110527eea9cf326091ba59655c61e263c87ff9fd48bc0f2f7d9118,True,True,True
continuous,23,"[15, 51, 37, 24, 41, 15, 2, 54, 25, 9, 27, 29, 0, 6, 28, 21]",1.3601634122925097,138,3286,1.7135404429131975,True,0.0,ce7598ed5f4fe65a5b57c726718265490f7ced44df4adc5e8f11cc07b0c1ebaf,80167c1d10e0a29149a590ae6f1ee62c1df29aa32aed0eab0d7f8b6632acc59a,c49a39b577b703ff540aba91e8d105e4bb018894f2d9b9c515a567cf0db4f21c,True,True,True
continuous,24,"[56, 0, 2, 4, 27, 28, 51, 25, 53, 4, 13, 53, 29, 42, 2, 51]",1.308557125377786,144,3430,1.897445157639323,True,0.0,68b4e56c6dfd9859bf55b4f06a28283e4934de2d6bdb86f986ee984cd101fa1c,f08e744de20fa60938b4b13f84ebaa06d26a5d9badd710db78a73ab280fdfc3c,11466b0a43d28dc4ad451e4d8288fa80968a4f3fb408d285bb8d8d7e7642f744,True,True,True
continuous,25,"[7, 10, 58, 22, 4, 25, 46, 58, 48, 9, 52, 51, 20, 18, 38, 10]",1.2766520638344738,144,3574,2.6750120466290195,True,0.0,02628d0459fe4220b5227215209a16340825f85448c0b0b4688e583452f9f9c8,455a30285f25e3b3a5147fef9377e711781d7e1fcc511d151287b169bea68db3,f4ebb8fc1362bd20db449c850e1c9e2e42d397013bb482a5966bccb7563f4e2b,True,True,True
continuous,26,"[28, 17, 33, 20, 49, 47, 20, 59, 58, 12, 57, 41, 55, 49, 19, 54]",1.1970534720648804,156,3730,2.300057440253214,True,0.0,c26f1adffb044ba8f0cbb1626fec3240e3060b2be6cc2f172c76aa41dd5b0141,1ac4301e1bccbf20335db9a846317e1e5f65377f984eb1e0f80c68618673195d,2f5a192b815a3513f5115aa7fca48f5970832099fcf3f334d30dd51277134f5d,True,True,True
continuous,27,"[41, 29, 3, 49, 48, 43, 45, 54, 0, 49, 56, 43, 2, 19, 25, 49]",1.1879565714149762,156,3886,3.005743794956802,True,0.0,5a0134cc29f20c674a83219163bc8b99fcc7ad2ac282bc55560e2c4bd3867e3c,c7e922b334954205d015685132c2390b2e836b1de562a93f23036bdb43c27902,c2bd150ca808bcdef3e2c92060d995bf24607aec8da990814d3cb63f9fec94eb,True,True,True
continuous,28,"[45, 40, 13, 25, 16, 42, 31, 11, 21, 59, 3, 44, 59, 16, 54, 38]",1.195349496720444,148,4034,2.9871167826472944,True,0.0,8783f5bae0130b965534a0206bc28a4a5c1e7a74f7ee471b215113dab312cd9a,89f59463fd21de99464cb11ae7fb17465728929038f402cb32f9b6dcd5619ddd,acca24fc2bbc71ce9bae70adbc22bfe000a5cad4a12f978065e5f3c9f29a0b74,True,True,True
continuous,29,"[34, 40, 9, 26, 18, 39, 13, 2, 2, 25, 43, 31, 52, 45, 53, 38]",1.130231895243855,144,4178,2.0096279988847527,True,0.0,bf0bd25865b0c97080290f93d1d648a14b1f2c00d569787db7dce47db7025da6,3d85635e59531f82cc4a4a3ae11bd2cdb32cb305436ca19d22b50f4b82b620fe,b73712091e4c94c3de206bac35b563f071db681f9e3d9f0c57662d58596326f7,True,True,True
continuous,30,"[30, 6, 6, 15, 15, 31, 18, 49, 24, 55, 31, 32, 39, 17, 27, 18]",1.1377223245700712,134,4312,2.8053734571119495,True,0.0,29b2cd263b8f6d9678ce229f344d3ff1f8cf8f0cb430cf20addf8d96ff4f88d6,d147a327e392c0ce98f1d56aadf2df4d2d6f5b95573174bc8a8192cf76951bad,fdb9642ee63c45097e785182b52d527d47c5fd3063a77297e24a9edef86ca0b3,True,True,True
continuous,31,"[18, 29, 54, 38, 47, 49, 13, 26, 43, 47, 37, 4, 12, 40, 45, 45]",1.0313007670500702,152,4464,1.9661457882482727,True,0.0,5acd01fc0cded342a07ddcd57bb2b4e638f0bae2a1db53cd9dd1fda1342201f9,b7b5099bf2bbf56d3e93f3bf7111e89cfb100d204f0355088ad569798565e1c2,b40fa5588f9705270974d9ae26bf2cccd38f1b4565d30d1fa28b39154cde3290,True,True,True
continuous,32,"[41, 19, 11, 9, 3, 59, 24, 3, 41, 30, 32, 41, 57, 25, 26, 30]",1.0456434508395605,144,4608,1.621513390421935,True,0.0,e99f926b46914c6524f81fd4914e090cf6edf209d64e9e9a2ce9d60d424dcc7d,740bfa7fa8937f61105ac24d3b95592517ab58fcdfa92ea6bc80afdf87010e28,2895680c58cb1f2f21ee3fee5dd1bfd6105a8f6d9dc93f281a77e1ea453f7c26,True,True,True
continuous,33,"[30, 44, 3, 9, 53, 19, 0, 34, 45, 50, 3, 21, 11, 31, 36, 52]",1.0176486781536704,142,4750,1.7812645916456353,True,0.0,d5ad0d38e391e359849d4d8e04d30093db074264c985bf2f4b8f7cb26048f744,1d871b46aea2508737f46cdda5bc2c1691e0b2ffd1e98969479b472af9296fed,4d7354ebb371a5aa3f4153af3cc5a01be178666f10730da1eee52d15133e99b5,True,True,True
continuous,34,"[2, 42, 30, 57, 59, 28, 23, 15, 29, 49, 28, 21, 45, 2, 7, 35]",0.9769132820645137,146,4896,1.8716918077661888,True,0.0,f593e04074fc9a80ef5e6c634655da873656f64c05be95ca13e8341c3911d973,b93f289175add8f5530559cd69e13beb557615f2e37ac62b53c795581a913e53,f43cf064446ec12b80ad22e74b2f324a1f91deb9239daef19a7d3970e58de3e4,True,True,True
continuous,35,"[38, 13, 59, 20, 23, 19, 14, 18, 42, 7, 42, 2, 17, 26, 55, 19]",0.958362646380468,136,5032,1.489750661473526,True,0.0,094ee13c03ec09ced562aad8525d6d69f8af718e3b64d439e818add800894228,e842906e7bd5ed38c7652b6cc8ff6abd52ecccf7291ea33e081ac62a415bc469,535eff76dc51da024b1cb75a4161564740f94cf109d0ad991a5d38944337b1da,True,True,True
continuous,36,"[42, 53, 25, 16, 56, 28, 13, 54, 8, 9, 45, 19, 53, 30, 12, 25]",0.9319666121807564,144,5176,1.8395951077068793,True,0.0,1fab3fa05c2f9f9457e6fb4985fb52c5c9292e09e68b72db64ea733dd1a41a42,323021cd90784c6ba5730e7382f841e6fc9f34e23ef517c0780a5ee02eef78b9,d55107637d92cdae15484f2f4c416591496ea2b9c2969e702273c11b0ff1581c,True,True,True
continuous,37,"[55, 24, 54, 44, 52, 56, 56, 34, 50, 29, 58, 31, 47, 11, 19, 42]",0.8899502279682933,160,5336,2.2077041670132322,True,0.0,58d24c74d5feb8e413b22c437dc65a19935b87f272df33f71e11c6e029c3b32f,de67b62930cec5ff2cfafb2c1fc63d181df0387872eedfc01991a62b780473ac,9d3a4bdf71b758dcc6bcb17b621bde12afaee5ef68c5a07e27d3e81c3131fdd1,True,True,True
continuous,38,"[12, 18, 51, 19, 16, 17, 23, 15, 5, 25, 24, 9, 41, 36, 53, 4]",0.9679892810583882,132,5468,3.310381590212786,True,0.0,498381a43c1446d80d3ae889407e4bc00c999a05107f28fd05b8c0205d18da55,e9e12e2a266ae02f496a0b6fb4adb799303a73b56460cfb4c123fc86a1575949,60ee8652b5a52c53c7562c184a23c9d08a224d958d4ea42f32c4f96613a5586a,True,True,True
continuous,39,"[3, 3, 46, 40, 11, 6, 57, 43, 47, 29, 43, 37, 21, 5, 51, 45]",0.8729887908403445,150,5618,2.2530660777818117,True,0.0,59257165d46c73ac23852c1ada6fe147deed12d7cdb4c0bbb4eb37036d81fc2c,b1f9a2636c41db8a4f6df3efc3ffada82620cacdd2e12c1364c301fb89080701,c2c71d8139603b7389f615b82324ba4e85c93a66a2551f39e0d66707008a69f8,True,True,True
continuous,40,"[0, 2, 23, 50, 15, 32, 38, 57, 13, 32, 35, 19, 21, 46, 44, 55]",0.8657566631206173,144,5762,1.9191136063623835,True,0.0,f442f7d31d826cbf0ffbc8b8fcc94532df940b838929a80f27bb9c4877185513,a17a299acb941cf0a0047f582cabfa5f7f86a40d30d37a8bd70aa24f41cb3779,c5f2cd47c2baf8d07b9b259efbecfb17e845ece9239fda84d60c7f00d7617934,True,True,True
prefix,1,"[3, 28, 21, 9, 37, 46, 16, 15, 32, 31, 8, 29, 13, 28, 17, 19]",2.56067121627784,130,130,1.3642994663475707,True,0.0,90801767a4f4a1d81b5796f736689506106b0ead52227636a2282d2b63b43b61,51e4f4010205395b91106e4908d6fc6eeb361759f8a40e02647d28349737b899,074a46eb158ae7061ab975e24f3de6aa907fa18da5532925bf0a788bdf11a518,True,True,True
prefix,2,"[2, 43, 20, 25, 57, 17, 7, 13, 42, 59, 10, 14, 22, 29, 12, 17]",2.439932674474309,136,266,1.1413984026932353,True,0.0,1bbc976525bfa5e753e511cbfd6e0804678d652d6d9932c45ed9dc9ccf45f62b,56b6afee535a1738789975a9674648e5e3617e1d7a738436ef9c166a2c811b33,0761fd63021a823a5c8d3d94e7fb09dba32524facb9cbdb6add803fdfcdd55b4,True,True,True
prefix,3,"[35, 40, 25, 53, 55, 19, 2, 37, 10, 18, 58, 53, 21, 13, 30, 45]",2.3737197881344176,146,412,1.2350754041001422,True,0.0,928568a3e08f48e7ce970a5796df98f0dfe504de9087263f553b4bf3659d4dbd,c0ea38fb22b473c98fb124f66143420e4716416baea1b594133d76838e291c42,92f962aa56c3ac719c44a04164d891210f8427f6f2efde06a4e2d5ba843f8e3d,True,True,True
prefix,4,"[35, 47, 8, 15, 27, 43, 14, 15, 24, 33, 45, 44, 28, 52, 23, 23]",2.29061768298983,146,558,1.3246464749003914,True,0.0,646ff98c0531c19e89ff9e14c6e0d374a875e4228e9a4152f756c09470bede91,ffdb5effafed8f7a737275d4ae78043805e132ddb05737b0b7818401f1818d1a,c2f151bca4d97eaabf74732e366e5be1b87af859f3ee5ca6cf9c9ae95aed7cf7,True,True,True
prefix,5,"[22, 48, 39, 45, 38, 30, 3, 7, 8, 43, 28, 49, 20, 22, 31, 48]",2.203631947157968,148,706,1.411844861273336,True,0.0,c30d01e3cc6aa676312a928a5624d97550d95fccf1153bebaa9d7f583e9435b3,225c2c3b5dc33d7228f47004c7211c4fb71c192ec4f0a38e4b62c367e5cbe29b,9ef400bc773e7e8b5fec51f74dc96797e4ddd76525de144b23d0609440483fcf,True,True,True
prefix,6,"[1, 27, 42, 38, 54, 38, 26, 27, 58, 42, 45, 46, 27, 12, 17, 14]",2.161364832369971,148,854,1.3933875304039913,True,0.0,be075caff123627206e2754dfd4acd0cd2b3375736fe1a44bee9ff4dbfe2fc82,3bf061347ace4dcf586760abf5089e65438861b088e4f135898fdd2db4553a5f,9240607713aba8da05e2e106829960d184e19f59020d8a0a9e45c6be5caa2698,True,True,True
prefix,7,"[47, 6, 25, 22, 10, 42, 47, 31, 16, 29, 4, 0, 14, 30, 49, 15]",2.1128378743641685,138,992,1.438206090842321,True,0.0,6a91c67b7c2746fe0fccfb0c27302d096e69c971663491d0e492c2f96e73cf58,fe194d75fe6ded58f68d257741543dcfc56bf298284efcb32bce717b184c9b11,234f148c9209a991b7eea84b8c8c5299546e8099775c249e82ee2f5ecbfcc605,True,True,True
prefix,8,"[16, 39, 13, 20, 0, 54, 3, 22, 52, 34, 31, 32, 21, 6, 3, 35]",2.095932665828815,136,1128,1.3343240002707433,True,0.0,bd9338edf84a754df4484f95aaf46c2f4aa6b8430b6f24671c69433f170ab1e4,da9cf4bae932b3ca4112c9ce66b1ad53291c712cfd310486002c1e6121ebceed,0059210755c0b9d2479d2e1892313ab7c6668bb072e8eec1e65ea07b520e2a68,True,True,True
prefix,9,"[7, 3, 6, 0, 0, 39, 13, 50, 7, 35, 47, 58, 8, 56, 25, 3]",1.9919103761482433,134,1262,1.317106937699756,True,0.0,001856ce5537acd07820c697b1d754ad6aa8f9af77cd289b0b9889e2918ec065,2e78cce4ed50544b789477f5ea969cd46384b06090f5fe004fa925c2dc8796be,82984ef630cf89461551b4703d809a802f7814d46b7d914f72db7566cef968d9,True,True,True
prefix,10,"[48, 31, 55, 44, 47, 0, 21, 24, 59, 46, 49, 41, 2, 42, 50, 15]",1.9616803683857225,158,1420,1.359612397823076,True,0.0,905417f733ebf1988f4e2b2c2701943de0afff545d720f65b318d5f5f3242909,c7f1f05ee4af084789cadfeb792e6adb4dcd514082de40154353fbcaec5e7235,6ac86fbcfe935f8a5fd5f71d92728f65ef8507fc7502fcf539f5cdc2d1859866,True,True,True
prefix,11,"[27, 32, 26, 5, 1, 26, 20, 48, 29, 37, 31, 9, 13, 12, 28, 36]",1.9033947036523629,136,1556,1.406567832056188,True,0.0,d36c5f30b7e6b14241a30e1db63091ad8a56dc3ca807f5fa77e56e389e8e1add,91514cec52d8ba2eb9aacbb6ce2c557611e64d3c1cda672c7f9ab63919923cc6,3c64ca29e2b1a31922cbe6a72047e57fb4abbb0810634ee1f2ce84530acce02e,True,True,True
prefix,12,"[8, 52, 42, 15, 44, 17, 4, 40, 31, 45, 38, 17, 57, 52, 42, 18]",1.862450953291324,148,1704,1.3382904021856936,True,0.0,f078f72e4e4b1240d19b77e3030c897d901e65020152cd03db932795f39db248,6dad5fe5482410d6db69021034a0d30505ae7dc9766562f6c59c4683e19c3ba8,af0f5441956acf61c78af81c760b6c54e4b45983c03916e9309b7253f94bc2a0,True,True,True
prefix,13,"[9, 26, 10, 16, 3, 26, 55, 35, 19, 26, 21, 18, 4, 44, 7, 2]",1.8256820303506451,130,1834,1.6277482574522582,True,0.0,319ba0444a430cb87a5bd33c908b287f6c9417057b474da3905dfd038c4907bd,9499cf3f585c36055b3aa15581889f99d9be9eb7fbdfcb01f188c55cd8658028,04d58fffc852c90861c0f8d68163725e28aba887939c908e5ca41e6a8e75cd78,True,True,True
prefix,14,"[47, 20, 21, 41, 22, 7, 11, 28, 0, 4, 58, 56, 3, 56, 10, 45]",1.7593696864520325,144,1978,1.3337722305572475,True,0.0,057229e4416ad7fe07b88a23106b6f04af17e77a4cb65aa9c5ab5dff7895b707,b73d5c21d1fab929f75357a4a410c2f6a226bc3e66ab5272c9954ac42bd91b60,ec9790d147dba130f5645e24949099a3336f9a695c3b44597a419a0d6cb27a77,True,True,True
prefix,15,"[36, 25, 3, 8, 40, 46, 11, 34, 49, 54, 33, 6, 3, 50, 29, 54]",1.7366616447592922,146,2124,1.518752360918023,True,0.0,fac4a00f27150d6521fe317863b76ff8b83c6105dc260fe4593bd04926f25fef,394f1708bb036b1b219c2dd0e05a0acff058df69a1d70689f5b6514643206083,bfcba02c7787a39b8fea52686e29729318c0e4527e60bb63c78bfa634ac8aae2,True,True,True
prefix,16,"[46, 24, 58, 33, 2, 4, 50, 8, 42, 7, 33, 37, 21, 11, 47, 20]",1.662818457337712,144,2268,1.418441751340685,True,0.0,9941caea4387801b57339a8dc7df98b625a76edaf6aeb5264db6d4cc483c75c9,b0fb61b57501cf3626010aaf4b9bdf10fd848fea9f093b051e2a2558f40b3320,a1fed14d996e7ab4a092c07fc099249f74db5fca4f65fe1cc338883882be2adf,True,True,True
prefix,17,"[12, 50, 36, 44, 25, 9, 30, 8, 55, 18, 11, 8, 5, 37, 1, 18]",1.6373903175691302,132,2400,1.3350658795704071,True,0.0,52ccea0d245c43af29c424571f3471165b3a37448539599fcb0e057ce27cc2e3,737379daa5c8481473b5df29e3a3cefc2ea01e072f084ed665d604d4325fc452,4981b73b16fb87bd1dfe47575b5715b6110c10c2fc2b7b4de4a637706a475524,True,True,True
prefix,18,"[56, 33, 36, 52, 36, 17, 52, 52, 17, 42, 20, 22, 21, 48, 45, 23]",1.5619808806581232,154,2554,1.4793522173984366,True,0.0,f421bbee19550ef2782984e6bac3a80fb6007162b8c6681926bb8188cf8ad825,d852396f81c76fdcb9f3bec459366623a5bc0a46099a51234c739856bfdcfab1,35ea7e922c7110b6026ce8cb372396297ab31db11dec661765f1372a1739cb04,True,True,True
prefix,19,"[53, 21, 57, 22, 40, 21, 42, 59, 58, 23, 47, 46, 8, 47, 59, 47]",1.52580437781239,164,2718,1.6466354269696133,True,0.0,9c1c5c969dab4a17125eabcef0de3cfec07c784cb6b80fe32c97d2960dc774ae,ed5225e366459f237cc54639b4162946ac894f37012db48979e4c6a9c26d688d,135b53987f1da5d399fe4f8eb3e19b20ba8789cef89799a9e187475fee72a4b3,True,True,True
prefix,20,"[47, 16, 2, 34, 16, 40, 39, 8, 46, 59, 41, 35, 28, 33, 48, 42]",1.4756554474987646,150,2868,1.216789059104625,True,0.0,9c32f98ace07ff117b38d7daf1d2989a24fa3f11454fd4d1253ecdc3687094b6,683435e8b3f60b46399917660cc902041907c432d8eb537e71ab8ad58325064e,5cbc00804a811dc9b484dbb4059ae958e044f82996e4cf63ca28bee05056a478,True,True,True
resumed,21,"[18, 46, 40, 6, 57, 21, 49, 11, 21, 8, 0, 54, 14, 57, 13, 45]",1.4485634876684508,144,3012,1.3425347585669252,True,0.0,eaf7a1c2c7c36a6889a17859364799627ae6ce4545a3e0484ae63b46773e33a1,0b1a558fa721abd1b7d52b3a041c54dd09bb3e796509109fdd1d68d59b6f0c8e,99af9c5d437f906406408ae90e9375519f5cfeb40ca43a3c70f3cde75ce29d9a,True,True,True
resumed,22,"[18, 17, 36, 46, 19, 13, 18, 20, 11, 30, 57, 8, 51, 54, 28, 1]",1.3926032089149916,136,3148,1.5002831569225168,True,0.0,c4e0ade97ead15ec3e8076f43a6e64541618ecbb0200f04a7b04f62e17bf14f5,32d79581aa369da3623f7d7c13832cf32e479142d9ef116223c8b2165c238767,b613ff6f85110527eea9cf326091ba59655c61e263c87ff9fd48bc0f2f7d9118,True,True,True
resumed,23,"[15, 51, 37, 24, 41, 15, 2, 54, 25, 9, 27, 29, 0, 6, 28, 21]",1.3601634122925097,138,3286,1.7135404429131975,True,0.0,ce7598ed5f4fe65a5b57c726718265490f7ced44df4adc5e8f11cc07b0c1ebaf,80167c1d10e0a29149a590ae6f1ee62c1df29aa32aed0eab0d7f8b6632acc59a,c49a39b577b703ff540aba91e8d105e4bb018894f2d9b9c515a567cf0db4f21c,True,True,True
resumed,24,"[56, 0, 2, 4, 27, 28, 51, 25, 53, 4, 13, 53, 29, 42, 2, 51]",1.308557125377786,144,3430,1.897445157639323,True,0.0,68b4e56c6dfd9859bf55b4f06a28283e4934de2d6bdb86f986ee984cd101fa1c,f08e744de20fa60938b4b13f84ebaa06d26a5d9badd710db78a73ab280fdfc3c,11466b0a43d28dc4ad451e4d8288fa80968a4f3fb408d285bb8d8d7e7642f744,True,True,True
resumed,25,"[7, 10, 58, 22, 4, 25, 46, 58, 48, 9, 52, 51, 20, 18, 38, 10]",1.2766520638344738,144,3574,2.6750120466290195,True,0.0,02628d0459fe4220b5227215209a16340825f85448c0b0b4688e583452f9f9c8,455a30285f25e3b3a5147fef9377e711781d7e1fcc511d151287b169bea68db3,f4ebb8fc1362bd20db449c850e1c9e2e42d397013bb482a5966bccb7563f4e2b,True,True,True
resumed,26,"[28, 17, 33, 20, 49, 47, 20, 59, 58, 12, 57, 41, 55, 49, 19, 54]",1.1970534720648804,156,3730,2.300057440253214,True,0.0,c26f1adffb044ba8f0cbb1626fec3240e3060b2be6cc2f172c76aa41dd5b0141,1ac4301e1bccbf20335db9a846317e1e5f65377f984eb1e0f80c68618673195d,2f5a192b815a3513f5115aa7fca48f5970832099fcf3f334d30dd51277134f5d,True,True,True
resumed,27,"[41, 29, 3, 49, 48, 43, 45, 54, 0, 49, 56, 43, 2, 19, 25, 49]",1.1879565714149762,156,3886,3.005743794956802,True,0.0,5a0134cc29f20c674a83219163bc8b99fcc7ad2ac282bc55560e2c4bd3867e3c,c7e922b334954205d015685132c2390b2e836b1de562a93f23036bdb43c27902,c2bd150ca808bcdef3e2c92060d995bf24607aec8da990814d3cb63f9fec94eb,True,True,True
resumed,28,"[45, 40, 13, 25, 16, 42, 31, 11, 21, 59, 3, 44, 59, 16, 54, 38]",1.195349496720444,148,4034,2.9871167826472944,True,0.0,8783f5bae0130b965534a0206bc28a4a5c1e7a74f7ee471b215113dab312cd9a,89f59463fd21de99464cb11ae7fb17465728929038f402cb32f9b6dcd5619ddd,acca24fc2bbc71ce9bae70adbc22bfe000a5cad4a12f978065e5f3c9f29a0b74,True,True,True
resumed,29,"[34, 40, 9, 26, 18, 39, 13, 2, 2, 25, 43, 31, 52, 45, 53, 38]",1.130231895243855,144,4178,2.0096279988847527,True,0.0,bf0bd25865b0c97080290f93d1d648a14b1f2c00d569787db7dce47db7025da6,3d85635e59531f82cc4a4a3ae11bd2cdb32cb305436ca19d22b50f4b82b620fe,b73712091e4c94c3de206bac35b563f071db681f9e3d9f0c57662d58596326f7,True,True,True
resumed,30,"[30, 6, 6, 15, 15, 31, 18, 49, 24, 55, 31, 32, 39, 17, 27, 18]",1.1377223245700712,134,4312,2.8053734571119495,True,0.0,29b2cd263b8f6d9678ce229f344d3ff1f8cf8f0cb430cf20addf8d96ff4f88d6,d147a327e392c0ce98f1d56aadf2df4d2d6f5b95573174bc8a8192cf76951bad,fdb9642ee63c45097e785182b52d527d47c5fd3063a77297e24a9edef86ca0b3,True,True,True
resumed,31,"[18, 29, 54, 38, 47, 49, 13, 26, 43, 47, 37, 4, 12, 40, 45, 45]",1.0313007670500702,152,4464,1.9661457882482727,True,0.0,5acd01fc0cded342a07ddcd57bb2b4e638f0bae2a1db53cd9dd1fda1342201f9,b7b5099bf2bbf56d3e93f3bf7111e89cfb100d204f0355088ad569798565e1c2,b40fa5588f9705270974d9ae26bf2cccd38f1b4565d30d1fa28b39154cde3290,True,True,True
resumed,32,"[41, 19, 11, 9, 3, 59, 24, 3, 41, 30, 32, 41, 57, 25, 26, 30]",1.0456434508395605,144,4608,1.621513390421935,True,0.0,e99f926b46914c6524f81fd4914e090cf6edf209d64e9e9a2ce9d60d424dcc7d,740bfa7fa8937f61105ac24d3b95592517ab58fcdfa92ea6bc80afdf87010e28,2895680c58cb1f2f21ee3fee5dd1bfd6105a8f6d9dc93f281a77e1ea453f7c26,True,True,True
resumed,33,"[30, 44, 3, 9, 53, 19, 0, 34, 45, 50, 3, 21, 11, 31, 36, 52]",1.0176486781536704,142,4750,1.7812645916456353,True,0.0,d5ad0d38e391e359849d4d8e04d30093db074264c985bf2f4b8f7cb26048f744,1d871b46aea2508737f46cdda5bc2c1691e0b2ffd1e98969479b472af9296fed,4d7354ebb371a5aa3f4153af3cc5a01be178666f10730da1eee52d15133e99b5,True,True,True
resumed,34,"[2, 42, 30, 57, 59, 28, 23, 15, 29, 49, 28, 21, 45, 2, 7, 35]",0.9769132820645137,146,4896,1.8716918077661888,True,0.0,f593e04074fc9a80ef5e6c634655da873656f64c05be95ca13e8341c3911d973,b93f289175add8f5530559cd69e13beb557615f2e37ac62b53c795581a913e53,f43cf064446ec12b80ad22e74b2f324a1f91deb9239daef19a7d3970e58de3e4,True,True,True
resumed,35,"[38, 13, 59, 20, 23, 19, 14, 18, 42, 7, 42, 2, 17, 26, 55, 19]",0.958362646380468,136,5032,1.489750661473526,True,0.0,094ee13c03ec09ced562aad8525d6d69f8af718e3b64d439e818add800894228,e842906e7bd5ed38c7652b6cc8ff6abd52ecccf7291ea33e081ac62a415bc469,535eff76dc51da024b1cb75a4161564740f94cf109d0ad991a5d38944337b1da,True,True,True
resumed,36,"[42, 53, 25, 16, 56, 28, 13, 54, 8, 9, 45, 19, 53, 30, 12, 25]",0.9319666121807564,144,5176,1.8395951077068793,True,0.0,1fab3fa05c2f9f9457e6fb4985fb52c5c9292e09e68b72db64ea733dd1a41a42,323021cd90784c6ba5730e7382f841e6fc9f34e23ef517c0780a5ee02eef78b9,d55107637d92cdae15484f2f4c416591496ea2b9c2969e702273c11b0ff1581c,True,True,True
resumed,37,"[55, 24, 54, 44, 52, 56, 56, 34, 50, 29, 58, 31, 47, 11, 19, 42]",0.8899502279682933,160,5336,2.2077041670132322,True,0.0,58d24c74d5feb8e413b22c437dc65a19935b87f272df33f71e11c6e029c3b32f,de67b62930cec5ff2cfafb2c1fc63d181df0387872eedfc01991a62b780473ac,9d3a4bdf71b758dcc6bcb17b621bde12afaee5ef68c5a07e27d3e81c3131fdd1,True,True,True
resumed,38,"[12, 18, 51, 19, 16, 17, 23, 15, 5, 25, 24, 9, 41, 36, 53, 4]",0.9679892810583882,132,5468,3.310381590212786,True,0.0,498381a43c1446d80d3ae889407e4bc00c999a05107f28fd05b8c0205d18da55,e9e12e2a266ae02f496a0b6fb4adb799303a73b56460cfb4c123fc86a1575949,60ee8652b5a52c53c7562c184a23c9d08a224d958d4ea42f32c4f96613a5586a,True,True,True
resumed,39,"[3, 3, 46, 40, 11, 6, 57, 43, 47, 29, 43, 37, 21, 5, 51, 45]",0.8729887908403445,150,5618,2.2530660777818117,True,0.0,59257165d46c73ac23852c1ada6fe147deed12d7cdb4c0bbb4eb37036d81fc2c,b1f9a2636c41db8a4f6df3efc3ffada82620cacdd2e12c1364c301fb89080701,c2c71d8139603b7389f615b82324ba4e85c93a66a2551f39e0d66707008a69f8,True,True,True
resumed,40,"[0, 2, 23, 50, 15, 32, 38, 57, 13, 32, 35, 19, 21, 46, 44, 55]",0.8657566631206173,144,5762,1.9191136063623835,True,0.0,f442f7d31d826cbf0ffbc8b8fcc94532df940b838929a80f27bb9c4877185513,a17a299acb941cf0a0047f582cabfa5f7f86a40d30d37a8bd70aa24f41cb3779,c5f2cd47c2baf8d07b9b259efbecfb17e845ece9239fda84d60c7f00d7617934,True,True,True
missing_optimizer,21,"[18, 46, 40, 6, 57, 21, 49, 11, 21, 8, 0, 54, 14, 57, 13, 45]",1.4485634876684508,144,3012,1.3425347585669252,True,0.0,7534bc97def6468a6a68a4584c1518c247f6bd5636ea088b22dc6417db21739c,7763e5dd3232942b646ba0f68972ea1117e27e8ab8a332cea106a56244b1ed8b,99af9c5d437f906406408ae90e9375519f5cfeb40ca43a3c70f3cde75ce29d9a,False,False,True
missing_optimizer,22,"[18, 17, 36, 46, 19, 13, 18, 20, 11, 30, 57, 8, 51, 54, 28, 1]",1.49280324677156,136,3148,3.7938731186187002,True,0.10020003785656839,81827ea09d9e7cb39b7ea79410d47bb450db0b931b4af12e478546f4291d13a3,93244d5a9866e2517a143505f225984ceedcfefd27d3532e0f9646576f615d56,b613ff6f85110527eea9cf326091ba59655c61e263c87ff9fd48bc0f2f7d9118,False,False,True
missing_optimizer,23,"[15, 51, 37, 24, 41, 15, 2, 54, 25, 9, 27, 29, 0, 6, 28, 21]",1.3916715657939072,138,3286,2.279427310571125,True,0.03150815350139746,9100ee6142071f4faca81e8f0baf05f073bae4dda4de8b30404b0665d72e8d96,68d1c7a27902683557f8ce1b661ffdc0a19f9c84e12f3753066a4bd1885f3512,c49a39b577b703ff540aba91e8d105e4bb018894f2d9b9c515a567cf0db4f21c,False,False,True
missing_optimizer,24,"[56, 0, 2, 4, 27, 28, 51, 25, 53, 4, 13, 53, 29, 42, 2, 51]",1.3383138864579167,144,3430,1.970420320675828,True,0.02975676108013081,0de609725fbcb471c47c4a0bf424b2bf192428f957f651e560fab4c5b19dca02,e3c33e717543e526a257de661394ad7ba748955231a4a15df276d7a7fc484f8d,11466b0a43d28dc4ad451e4d8288fa80968a4f3fb408d285bb8d8d7e7642f744,False,False,True
missing_optimizer,25,"[7, 10, 58, 22, 4, 25, 46, 58, 48, 9, 52, 51, 20, 18, 38, 10]",1.3066813064635585,144,3574,2.21145050476544,True,0.030029242629084685,f89315a2bdf61f3ba29b748e46f0eedca3a14929c51aea8a7d2fc0e5a999e3b1,223a94833e22d0f14a1c098649eee14c4b966612dbed579dcdf34b0835fc8eb4,f4ebb8fc1362bd20db449c850e1c9e2e42d397013bb482a5966bccb7563f4e2b,False,False,True
missing_optimizer,26,"[28, 17, 33, 20, 49, 47, 20, 59, 58, 12, 57, 41, 55, 49, 19, 54]",1.2316174578760157,156,3730,1.9129166144684042,True,0.03456398581113529,819df9cbb2f3427d60422ec5f56222703317adef4a1862c7c47eea411d36ff34,ca6ec079d0e46d3c9ff49fe5d7363f6315e0342094b15c53016563d2868da08b,2f5a192b815a3513f5115aa7fca48f5970832099fcf3f334d30dd51277134f5d,False,False,True
missing_optimizer,27,"[41, 29, 3, 49, 48, 43, 45, 54, 0, 49, 56, 43, 2, 19, 25, 49]",1.1904178595206694,156,3886,2.3580692696460117,True,0.002461288105693127,7f1772cf13f466e1d7416361a9c768e431ab8801c0c80927231bd1f669f93dc2,c1035d1fb6e498685a65590091744e3545cc1e474d4f5138b93df0c34d637990,c2bd150ca808bcdef3e2c92060d995bf24607aec8da990814d3cb63f9fec94eb,False,False,True
missing_optimizer,28,"[45, 40, 13, 25, 16, 42, 31, 11, 21, 59, 3, 44, 59, 16, 54, 38]",1.1761317255376567,148,4034,2.0676493702454857,True,0.019217771182787446,b9308f2e209cc46286b94fc956d1c42699f37251ef5c4d21fab810a6ba370f87,434ccccd6ee3a53ea77aa9a3c19586df9c1d3fe3ccc4693cedb1635d96c07a93,acca24fc2bbc71ce9bae70adbc22bfe000a5cad4a12f978065e5f3c9f29a0b74,False,False,True
missing_optimizer,29,"[34, 40, 9, 26, 18, 39, 13, 2, 2, 25, 43, 31, 52, 45, 53, 38]",1.1302898091174298,144,4178,2.7767474523663527,True,5.791387357478861e-05,b14ac18950e5488842a8ae613ba2b63a29e1121c51995b629b35b09e892c713d,8386041ce11af46bb47ac876a535d918c1b5ea190af00d349702e403a5be922e,b73712091e4c94c3de206bac35b563f071db681f9e3d9f0c57662d58596326f7,False,False,True
missing_optimizer,30,"[30, 6, 6, 15, 15, 31, 18, 49, 24, 55, 31, 32, 39, 17, 27, 18]",1.1685537060435818,134,4312,3.4711811924537033,True,0.03083138147351061,284963d51a9dabe267eec61adf89acf4451e20deae131668718fcb559385b7e1,8cf79cee8edc312b0a0cf488d561593da34ce18fea7edc52f636b47c03086a3d,fdb9642ee63c45097e785182b52d527d47c5fd3063a77297e24a9edef86ca0b3,False,False,True
missing_optimizer,31,"[18, 29, 54, 38, 47, 49, 13, 26, 43, 47, 37, 4, 12, 40, 45, 45]",1.037552357607473,152,4464,1.9070083085919651,True,0.006251590557402764,c6eeae482cf041401d78363e46ca9ee07baf20b69d0e061aa6eb5d2e61e4b319,c11fb614a7525174857ddfbcd61d16a0e98e3eb92ee60d618aaf45711e175171,b40fa5588f9705270974d9ae26bf2cccd38f1b4565d30d1fa28b39154cde3290,False,False,True
missing_optimizer,32,"[41, 19, 11, 9, 3, 59, 24, 3, 41, 30, 32, 41, 57, 25, 26, 30]",1.0355171381371548,144,4608,1.6731702335973238,True,0.010126312702405604,c3fdea6a122e6f829773e590b54ac58b0aff52264db24ae2a86732ffe55c6b67,41a4d2c2efca638cb2b07bb7fd2df7718f5339c7a2e6e40c61514814d46d1747,2895680c58cb1f2f21ee3fee5dd1bfd6105a8f6d9dc93f281a77e1ea453f7c26,False,False,True
missing_optimizer,33,"[30, 44, 3, 9, 53, 19, 0, 34, 45, 50, 3, 21, 11, 31, 36, 52]",1.0178032418850982,142,4750,2.0311971151893844,True,0.00015456373142774815,28e70a80109da5970daf4f5a128f8f6bb47a8731ad57b31100f21b7b197001a5,05f71dea605b258040d5684d8ddfb1c36aca6d5906afba9400ae50f0226c0a53,4d7354ebb371a5aa3f4153af3cc5a01be178666f10730da1eee52d15133e99b5,False,False,True
missing_optimizer,34,"[2, 42, 30, 57, 59, 28, 23, 15, 29, 49, 28, 21, 45, 2, 7, 35]",0.9624012294058427,146,4896,1.6962830364033639,True,0.014512052658670949,89058230df2b947530ef84e2cdb55fda4c2d5bb32b646a139b283a019bfdaf2f,33939bcf82f167404e6bbdf6d393b9d9bc715d75de4b59337f716fd9fce62caa,f43cf064446ec12b80ad22e74b2f324a1f91deb9239daef19a7d3970e58de3e4,False,False,True
missing_optimizer,35,"[38, 13, 59, 20, 23, 19, 14, 18, 42, 7, 42, 2, 17, 26, 55, 19]",0.9385427540553873,136,5032,1.368614750751052,True,0.019819892325080635,b35beb8235e21afe8f247f093a47b8d61c6d250a81eaabbf193c09bee2832e54,62f3eca7ae97d90ead619895b91f31b13505c4ea1de0822074d9d4ceb9e4991b,535eff76dc51da024b1cb75a4161564740f94cf109d0ad991a5d38944337b1da,False,False,True
missing_optimizer,36,"[42, 53, 25, 16, 56, 28, 13, 54, 8, 9, 45, 19, 53, 30, 12, 25]",0.9079191445890551,144,5176,1.7314340493880584,True,0.024047467591701288,b7dd7ec65ec3286f2bafa9a5963510c36d27c71017785ce5988517a2d743ef04,fec2c8314de544eb1977d0c0a882ac95e245f93b24cf5a41caff54edce674408,d55107637d92cdae15484f2f4c416591496ea2b9c2969e702273c11b0ff1581c,False,False,True
missing_optimizer,37,"[55, 24, 54, 44, 52, 56, 56, 34, 50, 29, 58, 31, 47, 11, 19, 42]",0.8568605693706679,160,5336,2.0540776059884562,True,0.03308965859762536,35820665e076b3d2e4b05c72174951b1177ce2d08c1dab22cd7132ae69faf73e,94d74494031fc0a3f8e46a715be31e0b3538743a51467c30886abe08f4478182,9d3a4bdf71b758dcc6bcb17b621bde12afaee5ef68c5a07e27d3e81c3131fdd1,False,False,True
missing_optimizer,38,"[12, 18, 51, 19, 16, 17, 23, 15, 5, 25, 24, 9, 41, 36, 53, 4]",0.9259017840723676,132,5468,2.8947596094370565,True,0.042087496986020656,c8d558109f205d8f72e96ac251b713d508e3f79af422ac2ad58715db1864b194,2e37d24cb0145a5c6c021c205675e5de0b00bd475da5058f97c10e8b48b3ac50,60ee8652b5a52c53c7562c184a23c9d08a224d958d4ea42f32c4f96613a5586a,False,False,True
missing_optimizer,39,"[3, 3, 46, 40, 11, 6, 57, 43, 47, 29, 43, 37, 21, 5, 51, 45]",0.8357599209929312,150,5618,1.862348586064825,True,0.03722886984741336,134dfbc34c9c16564214096e4fe6d680ee27f05b6ea8588de8fe65130d569408,23dd35519fdd218618ec615acf9d339115c8d4340a1f86d59d9e1a10bd97cc5c,c2c71d8139603b7389f615b82324ba4e85c93a66a2551f39e0d66707008a69f8,False,False,True
missing_optimizer,40,"[0, 2, 23, 50, 15, 32, 38, 57, 13, 32, 35, 19, 21, 46, 44, 55]",0.8193432509985348,144,5762,1.81765534192843,True,0.0464134121220825,d7de52a49c763d3ecef604eae2a0dbb828298db6a8d2676270453682741bfae4,35892f80b7af74291376ea8ccf6af3debc03054156399ba316bb3a3d0cf24eb7,c5f2cd47c2baf8d07b9b259efbecfb17e845ece9239fda84d60c7f00d7617934,False,False,True
missing_batch_generator,21,"[3, 28, 21, 9, 37, 46, 16, 15, 32, 31, 8, 29, 13, 28, 17, 19]",1.4428882720551928,130,2998,1.7389680231242406,False,0.005675215613258011,975f94672e08c004196394ee429f14f290ed14256612dec14ed2c577dd48cf50,0ecfe92e1e62925108d54560500d8a589e7b4f01f0ac3b0acb4c2f194273b30f,074a46eb158ae7061ab975e24f3de6aa907fa18da5532925bf0a788bdf11a518,False,False,False
missing_batch_generator,22,"[2, 43, 20, 25, 57, 17, 7, 13, 42, 59, 10, 14, 22, 29, 12, 17]",1.400672386601824,136,3134,1.6318060484180594,False,0.008069177686832463,8046fb2560b165c6151bfd2e099821bc7d36651b461c60f07a71ae142cdfad23,104ee22828e88cb890ae719a863e3774d74263723f38d681bdf6196b573b6f76,0761fd63021a823a5c8d3d94e7fb09dba32524facb9cbdb6add803fdfcdd55b4,False,False,False
missing_batch_generator,23,"[35, 40, 25, 53, 55, 19, 2, 37, 10, 18, 58, 53, 21, 13, 30, 45]",1.3561903542760607,146,3280,2.3818361514744453,False,0.003973058016448983,83b0577eb418bad6c57bbdca92b893a4081dade7bc50528b833d3ba5a8020428,2c116636d4f0ae8257b0716a9ee18b057c3f96f7fe8125c430ad600d14601dab,92f962aa56c3ac719c44a04164d891210f8427f6f2efde06a4e2d5ba843f8e3d,False,False,False
missing_batch_generator,24,"[35, 47, 8, 15, 27, 43, 14, 15, 24, 33, 45, 44, 28, 52, 23, 23]",1.2834367090396144,146,3426,1.821597151814097,False,0.025120416338171525,f4aeddbfdffea4460191fdedf5991240736172cbccff4e255375e8f336df756c,1c58e218c2f2534a2fcc62c4528fa045d6807d5b89c147be0967d99053fbf7c3,c2f151bca4d97eaabf74732e366e5be1b87af859f3ee5ca6cf9c9ae95aed7cf7,False,False,False
missing_batch_generator,25,"[22, 48, 39, 45, 38, 30, 3, 7, 8, 43, 28, 49, 20, 22, 31, 48]",1.2287551331442848,148,3574,2.5948947724343823,False,0.04789693069018908,1bc55338fac6beca86e9e1f1edeb2218343bffa31234c72aae80a4f971f02bc5,022ff6455be7687f053978a1d1daaecb1811ede9f0bdf2871630686943ff4e4c,9ef400bc773e7e8b5fec51f74dc96797e4ddd76525de144b23d0609440483fcf,False,False,False
missing_batch_generator,26,"[1, 27, 42, 38, 54, 38, 26, 27, 58, 42, 45, 46, 27, 12, 17, 14]",1.216823745670413,148,3722,1.7687270248250657,False,0.019770273605532518,7fb4d45a85d050a7857bef63a771e12c5a4de1d16e4174f7e82e0600448c2655,b8418b1f5335178e30354c00600770953c5bcace1b1c19d45f474ab16f4636f1,9240607713aba8da05e2e106829960d184e19f59020d8a0a9e45c6be5caa2698,False,False,False
missing_batch_generator,27,"[47, 6, 25, 22, 10, 42, 47, 31, 16, 29, 4, 0, 14, 30, 49, 15]",1.1992303167542184,138,3860,1.521090938496336,False,0.011273745339242192,5d8c15f01fce9b30843d2736fd5cf99fc0c9ae6dfd8f8885519a54a9b81961af,487c022efb0a82094b42a57bd915cac434cc078f723a4506643b49f21c9e6223,234f148c9209a991b7eea84b8c8c5299546e8099775c249e82ee2f5ecbfcc605,False,False,False
missing_batch_generator,28,"[16, 39, 13, 20, 0, 54, 3, 22, 52, 34, 31, 32, 21, 6, 3, 35]",1.196049681822582,136,3996,2.1773777492857604,False,0.0007001851021379846,5b44de3db29e58093fb90eb71cc0f0af68d196d70959ad07612049b123a8c3cf,2295157e8fb2fbfa92353dab80c4133ae3dfe35e9eae8f1968de553f09517183,0059210755c0b9d2479d2e1892313ab7c6668bb072e8eec1e65ea07b520e2a68,False,False,False
missing_batch_generator,29,"[7, 3, 6, 0, 0, 39, 13, 50, 7, 35, 47, 58, 8, 56, 25, 3]",1.145479160809528,134,4130,2.5905309029584855,False,0.015247265565673018,2b57b541937ebeb4624601737f05443a4aa888f22d332f1e157667a41f8d037a,de13ae52c12cdcb497b9dcd8d428c097cf6aa5af5436639d6f2f340c647d8d0c,82984ef630cf89461551b4703d809a802f7814d46b7d914f72db7566cef968d9,False,False,False
missing_batch_generator,30,"[48, 31, 55, 44, 47, 0, 21, 24, 59, 46, 49, 41, 2, 42, 50, 15]",1.1009599168843593,158,4288,2.4488532747455576,False,0.03676240768571182,7a73452ae0420497703a00e365b5a5689ca9dab32a1cd98d353a43488ecdae20,9eb87b7c4a95c07f94477996179e27f5530c1618a4117f3353dd2b68f2c50bd4,6ac86fbcfe935f8a5fd5f71d92728f65ef8507fc7502fcf539f5cdc2d1859866,False,False,False
missing_batch_generator,31,"[27, 32, 26, 5, 1, 26, 20, 48, 29, 37, 31, 9, 13, 12, 28, 36]",1.0466479087377412,136,4424,1.4375753236480304,False,0.015347141687670929,bcd823bd0be36ed7ec6d49007ea5c7e3c39635bc36fcc5ca0f7931ec49ce7a7d,dd40f31322a689b4ce6e994abc3598e4f80d58ab3fdbe54dad57bb0417c7c2d6,3c64ca29e2b1a31922cbe6a72047e57fb4abbb0810634ee1f2ce84530acce02e,False,False,False
missing_batch_generator,32,"[8, 52, 42, 15, 44, 17, 4, 40, 31, 45, 38, 17, 57, 52, 42, 18]",1.0333895183342685,148,4572,1.905415660722358,False,0.012253932505291942,aa2ddb786e30a18f8df32530172b8c3b5c5526a381975203237191952d56bc84,df6b97c605eca4b280dd210b000b5dbf257129d4abb12920236355ec67f1164d,af0f5441956acf61c78af81c760b6c54e4b45983c03916e9309b7253f94bc2a0,False,False,False
missing_batch_generator,33,"[9, 26, 10, 16, 3, 26, 55, 35, 19, 26, 21, 18, 4, 44, 7, 2]",1.018596068416754,130,4702,2.0071774052443705,False,0.0009473902630836584,81beed87b199dbaff36c2377a5298c2c16e9acbcf2e5a056865fbed0fe141bfa,60f79c928829c1eb6fdcbfb7c75ab9671158edbf86636e46c90a8c68304f8146,04d58fffc852c90861c0f8d68163725e28aba887939c908e5ca41e6a8e75cd78,False,False,False
missing_batch_generator,34,"[47, 20, 21, 41, 22, 7, 11, 28, 0, 4, 58, 56, 3, 56, 10, 45]",0.9887776089479465,144,4846,1.4867499977492709,False,0.011864326883432863,055a06b11621d9f10c9418f626f01fa0fa341f66d76eef31c95e484b555ce20d,85fd69595acf8ae2a5301997702a3635288a937e73c54f96860aa42dfb42f33a,ec9790d147dba130f5645e24949099a3336f9a695c3b44597a419a0d6cb27a77,False,False,False
missing_batch_generator,35,"[36, 25, 3, 8, 40, 46, 11, 34, 49, 54, 33, 6, 3, 50, 29, 54]",0.9553012302410789,146,4992,2.409450109215759,False,0.0030614161393890393,d1db0ca0ba959d0e1a2bc45ef61dea62a06139d092d4978d121567d9c8566006,8d65f9a4dbb6bd48f16a6ac8d0cca02248c4ccaf3fb57f0601a17d93af68f341,bfcba02c7787a39b8fea52686e29729318c0e4527e60bb63c78bfa634ac8aae2,False,False,False
missing_batch_generator,36,"[46, 24, 58, 33, 2, 4, 50, 8, 42, 7, 33, 37, 21, 11, 47, 20]",0.9283491784598201,144,5136,1.7600832409283995,False,0.0036174337209362584,1df3b803cde5ec4abba6e2f70a279690d00e3343e2788ea936a087fa0bfc3a1a,4228832c2f14cfebce56f029d53033d4c4282b386557626790c1d43fd7f1722a,a1fed14d996e7ab4a092c07fc099249f74db5fca4f65fe1cc338883882be2adf,False,False,False
missing_batch_generator,37,"[12, 50, 36, 44, 25, 9, 30, 8, 55, 18, 11, 8, 5, 37, 1, 18]",0.9239460961849775,132,5268,1.8586817044864168,False,0.03399586821668421,138773aa4e6c817df2cba5cc5d23303611c36724e5e2b74f629df5fda2e395bc,06a9ee6d6a23f90586854a5fc4b2ef07affa804ffdc22ff763967db321cb9ed3,4981b73b16fb87bd1dfe47575b5715b6110c10c2fc2b7b4de4a637706a475524,False,False,False
missing_batch_generator,38,"[56, 33, 36, 52, 36, 17, 52, 52, 17, 42, 20, 22, 21, 48, 45, 23]",0.8504960321362968,154,5422,2.231444895608617,False,0.11749324892209145,e32f7f4abf7163b3e8903ed45b352e1315e44a0eadfc8857b003a78b00809c76,97eb2e6b0c5813b31d0d971a2bcca2107d95b16d6b94f0737092d61614e79494,35ea7e922c7110b6026ce8cb372396297ab31db11dec661765f1372a1739cb04,False,False,False
missing_batch_generator,39,"[53, 21, 57, 22, 40, 21, 42, 59, 58, 23, 47, 46, 8, 47, 59, 47]",0.8368718981727047,164,5586,2.5275631024489447,False,0.036116892667639844,047b4dd5e1df6782be17e9fff5393e3d7ec880d3a9b35f29a9a64ae2f466e62f,e22a7236d02cb577c839a518f152b58db8c0fd9405439eeb7beaf322d700c944,135b53987f1da5d399fe4f8eb3e19b20ba8789cef89799a9e187475fee72a4b3,False,False,False
missing_batch_generator,40,"[47, 16, 2, 34, 16, 40, 39, 8, 46, 59, 41, 35, 28, 33, 48, 42]",0.8358518499221202,150,5736,1.5348201164363515,False,0.029904813198497027,147b62f4d65563f1d7fe240035aeae146d746d855b6461e90799c567ba3fb4d5,f61e515f9e49cbaa996ad3cca77a9b93b1995ab23e5cdf41dba59d7999865e79,5cbc00804a811dc9b484dbb4059ae958e044f82996e4cf63ca28bee05056a478,False,False,False
alternate_lr,1,"[3, 28, 21, 9, 37, 46, 16, 15, 32, 31, 8, 29, 13, 28, 17, 19]",2.56067121627784,130,130,1.3642994663475707,True,0.0,dee731ef83fdc3e7202984c26c609f10332dfc92a0227e0c9715e03d9dd73689,19c04abe67c4e5244ccc5a7ac009761ab472dc19056f2ded4831e9272cce02dd,074a46eb158ae7061ab975e24f3de6aa907fa18da5532925bf0a788bdf11a518,False,False,True
alternate_lr,2,"[2, 43, 20, 25, 57, 17, 7, 13, 42, 59, 10, 14, 22, 29, 12, 17]",2.5106463765500617,136,266,1.3234403244938924,True,0.07071370207575267,7b9c43b7b01270d06ff2a978e2f966eccdd2758d9fa7da8a1b1c8d4ba9b366e7,8920f66703dc5a6f5ca4111ba56fa97a3afe7d9f4fb63adef76112d2ba3bfa9f,0761fd63021a823a5c8d3d94e7fb09dba32524facb9cbdb6add803fdfcdd55b4,False,False,True
alternate_lr,3,"[35, 40, 25, 53, 55, 19, 2, 37, 10, 18, 58, 53, 21, 13, 30, 45]",2.47689924054667,146,412,1.2198190296294031,True,0.10317945241225246,009daf4da14403d2c138a45803c84410976426e6b7b0ff05a4279c676efbf703,0a2c9ddb7f768f1c3b08e591eb504f54472ed8029b9e81c170d17e86abf49959,92f962aa56c3ac719c44a04164d891210f8427f6f2efde06a4e2d5ba843f8e3d,False,False,True
alternate_lr,4,"[35, 47, 8, 15, 27, 43, 14, 15, 24, 33, 45, 44, 28, 52, 23, 23]",2.445368172053453,146,558,1.2101415219424116,True,0.15475048906362288,0faa1eea1e97702861ffc208092df9e0f8b99a632436eddb56b93cd0390e9b4e,9ff77cd4b76bb6ccfd4e474a58ba0f4ff616db81e8c81eebeced1aeb1ed080bd,c2f151bca4d97eaabf74732e366e5be1b87af859f3ee5ca6cf9c9ae95aed7cf7,False,False,True
alternate_lr,5,"[22, 48, 39, 45, 38, 30, 3, 7, 8, 43, 28, 49, 20, 22, 31, 48]",2.3902372802628555,148,706,1.2512499884377992,True,0.18660533310488736,839d1205fb6a3fffef61021867bc41b824c0755e763f648d674f34bd78c8da39,c98b9a5a9ba1f13cf96e60ead6d4c084373d5ea807f08c386d06a92a6c88adc4,9ef400bc773e7e8b5fec51f74dc96797e4ddd76525de144b23d0609440483fcf,False,False,True
alternate_lr,6,"[1, 27, 42, 38, 54, 38, 26, 27, 58, 42, 45, 46, 27, 12, 17, 14]",2.3656488214447844,148,854,1.2428246159996654,True,0.20428398907481338,5f67da40229e6545bc1a6c1a1f5595c2ef5cfb017066607a1930ee3809eb3b89,6e0b93153287e03782fb468b90c26e54c66d27d2747d293102a5874d6a0996ba,9240607713aba8da05e2e106829960d184e19f59020d8a0a9e45c6be5caa2698,False,False,True
alternate_lr,7,"[47, 6, 25, 22, 10, 42, 47, 31, 16, 29, 4, 0, 14, 30, 49, 15]",2.3449241900638236,138,992,1.3118038755658734,True,0.2320863156996551,921847904c9d327586310c02a53811f63e4c38ba802638c0ce301e6c5fde3a4c,051c4aec3700a8ad54940f7e6b909368f7c5d5a97a91ddb0813c41d9308b69dd,234f148c9209a991b7eea84b8c8c5299546e8099775c249e82ee2f5ecbfcc605,False,False,True
alternate_lr,8,"[16, 39, 13, 20, 0, 54, 3, 22, 52, 34, 31, 32, 21, 6, 3, 35]",2.322841649642104,136,1128,1.254676724177073,True,0.22690898381328894,227672cf667e4938ac17fd02e88ce1d83c584232e08d6f8952229134f070dc48,e4ac7b1cc49a592ede5d9104c4f28b1c99377788b220f94801a03afea23599c4,0059210755c0b9d2479d2e1892313ab7c6668bb072e8eec1e65ea07b520e2a68,False,False,True
alternate_lr,9,"[7, 3, 6, 0, 0, 39, 13, 50, 7, 35, 47, 58, 8, 56, 25, 3]",2.2670270968475723,134,1262,1.284440972612751,True,0.275116720699329,96b4c6b198ea934666edbbf585a60da4dd454022d7737acc6020d7523bb1b17b,6918e9b0be1a986a6ebe5bd31f2c141f8317866fc72bb149285dba0be2688286,82984ef630cf89461551b4703d809a802f7814d46b7d914f72db7566cef968d9,False,False,True
alternate_lr,10,"[48, 31, 55, 44, 47, 0, 21, 24, 59, 46, 49, 41, 2, 42, 50, 15]",2.2513128283970665,158,1420,1.3300178419891733,True,0.289632460011344,4925fd58c8ce6c5b9a3c990cfd5dcf1f6cdc56d16ce5400f64779c65db2a4abe,22d840687ce9f888db0609ca35cb5a7ad4b32a11d2b9c2df80abed71c179c11d,6ac86fbcfe935f8a5fd5f71d92728f65ef8507fc7502fcf539f5cdc2d1859866,False,False,True
alternate_lr,11,"[27, 32, 26, 5, 1, 26, 20, 48, 29, 37, 31, 9, 13, 12, 28, 36]",2.2083965584848944,136,1556,1.251677635352772,True,0.3050018548325315,31e2c5d9a65c7afb02e16bff5c7fb84980144134194e4fa1ad73fd19e931a341,43317f9a79a4ad6fb71b81e51e6eb4b2ee1ac7b092a63a2cfa160fda223e46e0,3c64ca29e2b1a31922cbe6a72047e57fb4abbb0810634ee1f2ce84530acce02e,False,False,True
alternate_lr,12,"[8, 52, 42, 15, 44, 17, 4, 40, 31, 45, 38, 17, 57, 52, 42, 18]",2.2005861460937637,148,1704,1.2928682183385753,True,0.33813519280243964,0774e0ddac49eb4766b39b943b3d03b8aaa658c610f96fafb5171ba41d15e319,a43259e7df157033ccdc34e93cea58329949bf29f80c45c0b400908ed2eb32ca,af0f5441956acf61c78af81c760b6c54e4b45983c03916e9309b7253f94bc2a0,False,False,True
alternate_lr,13,"[9, 26, 10, 16, 3, 26, 55, 35, 19, 26, 21, 18, 4, 44, 7, 2]",2.1675671145363107,130,1834,1.2800009395745244,True,0.34188508418566554,d60c231197381f283f3a8f5b0b7ed534b3352df932d7126586a853780313a16f,483d11b4b6ebd67b0d9f40e581d40eb02bac7ee31396a1384fecad309018693a,04d58fffc852c90861c0f8d68163725e28aba887939c908e5ca41e6a8e75cd78,False,False,True
alternate_lr,14,"[47, 20, 21, 41, 22, 7, 11, 28, 0, 4, 58, 56, 3, 56, 10, 45]",2.14277187097304,144,1978,1.296924908483083,True,0.3834021845210076,cfbe3428f4b9a3096760fc8cbc52eb682a2a32eebe2f81361adda9c5f802cb0b,9bb9a5568a51884d90abaa38c102df3518c3eee4ff9f300d1081dd8bb23702e1,ec9790d147dba130f5645e24949099a3336f9a695c3b44597a419a0d6cb27a77,False,False,True
alternate_lr,15,"[36, 25, 3, 8, 40, 46, 11, 34, 49, 54, 33, 6, 3, 50, 29, 54]",2.1422764022043737,146,2124,1.2701584132706754,True,0.40561475744508146,e1a8e6bca38f782f73cac824df1aef818c017ca729f8ccc7eebc361db9fb908f,0735b4c4d04b0f55f6b2eb16f1dfd09b5a4fa1e85dab16e339e0e9e284b7fc60,bfcba02c7787a39b8fea52686e29729318c0e4527e60bb63c78bfa634ac8aae2,False,False,True
alternate_lr,16,"[46, 24, 58, 33, 2, 4, 50, 8, 42, 7, 33, 37, 21, 11, 47, 20]",2.107188843831185,144,2268,1.2309586345957564,True,0.44437038649347316,f88ed019f25da7f992dee587f7de4e8a6c9b63b190618eec91aecfc7874275fa,3d74f77e0c8e9b24654f9be954c2b903042567cae48ed34dd6cf70952c81f9c5,a1fed14d996e7ab4a092c07fc099249f74db5fca4f65fe1cc338883882be2adf,False,False,True
alternate_lr,17,"[12, 50, 36, 44, 25, 9, 30, 8, 55, 18, 11, 8, 5, 37, 1, 18]",2.1045303269021813,132,2400,1.4358730575891414,True,0.4671400093330511,8025c1f14a0c4af944b389e2260c6fad635690f76255ece6f26a94d37da56d7c,877d4b7a067d63e7e07ff95ec2ec3201546da8b1c2211cc18560175c8d12f636,4981b73b16fb87bd1dfe47575b5715b6110c10c2fc2b7b4de4a637706a475524,False,False,True
alternate_lr,18,"[56, 33, 36, 52, 36, 17, 52, 52, 17, 42, 20, 22, 21, 48, 45, 23]",2.0733307154303184,154,2554,1.397087342972814,True,0.5113498347721952,a19524414aabe81078846c8d7d72c25b3c26f60507bb836f295ec3f1b58d124f,d57865e30d82021153581adcf3b338d8b4e6af5f98d18dbee2d0cbc0f437be5b,35ea7e922c7110b6026ce8cb372396297ab31db11dec661765f1372a1739cb04,False,False,True
alternate_lr,19,"[53, 21, 57, 22, 40, 21, 42, 59, 58, 23, 47, 46, 8, 47, 59, 47]",2.0349132847834577,164,2718,1.3440911063194299,True,0.5091089069710677,a07cfbd53e1c03b6a7946bcf5712aad7a9240a043a76727d93e0407788380ac0,d371f26bcb4a9898ce8623a5db83a9266e522f27170109955b2b13607e8d716c,135b53987f1da5d399fe4f8eb3e19b20ba8789cef89799a9e187475fee72a4b3,False,False,True
alternate_lr,20,"[47, 16, 2, 34, 16, 40, 39, 8, 46, 59, 41, 35, 28, 33, 48, 42]",2.020201788752322,150,2868,1.2208671186926805,True,0.5445463412535572,de903ece28a63915b1b44323fddb1059ac66ea4c75f136500f8a9542a9393622,92f234b5b4218b7ba63258dd88c05c30c48d6446244b729be4699c7dd45a52e7,5cbc00804a811dc9b484dbb4059ae958e044f82996e4cf63ca28bee05056a478,False,False,True
alternate_lr,21,"[18, 46, 40, 6, 57, 21, 49, 11, 21, 8, 0, 54, 14, 57, 13, 45]",2.0222583154845477,144,3012,1.4187505480264677,True,0.5736948278160969,633f921cbe3257d01db839b3654d4626dcdaedf1ccab28a12cf9785a726131aa,71f8e8b90d3a3ca0e314fa4050eb11f482de5add3bfb4809a692411acb23d95b,99af9c5d437f906406408ae90e9375519f5cfeb40ca43a3c70f3cde75ce29d9a,False,False,True
alternate_lr,22,"[18, 17, 36, 46, 19, 13, 18, 20, 11, 30, 57, 8, 51, 54, 28, 1]",2.007763484527316,136,3148,1.4015861361130277,True,0.6151602756123242,d98c65c056f15d196c169f27098da83ad76b7214c91d3815e380f6e59715ec9b,05cb2edf58f5ab5049550bda3c206375c49fff63f0b3684344a0f5643162c316,b613ff6f85110527eea9cf326091ba59655c61e263c87ff9fd48bc0f2f7d9118,False,False,True
alternate_lr,23,"[15, 51, 37, 24, 41, 15, 2, 54, 25, 9, 27, 29, 0, 6, 28, 21]",1.968188897582005,138,3286,1.3897239338116163,True,0.6080254852894953,e95288febf16ae61cb91e0daba126714f445ff2ee4467ec274c669f6a7c8ddce,27428e02cdc7b784f1e89f1a2a0f99be885093b5ac22c8e05ab73a710ed58408,c49a39b577b703ff540aba91e8d105e4bb018894f2d9b9c515a567cf0db4f21c,False,False,True
alternate_lr,24,"[56, 0, 2, 4, 27, 28, 51, 25, 53, 4, 13, 53, 29, 42, 2, 51]",1.9402771832762715,144,3430,1.38893621046349,True,0.6317200578984856,08422021ab8c14c3e47450d486356f963cee2b2053364754c1ea1983757a8b54,d003ae84090551036481645f63f261c61a289b0006d744c6e135bb6a9a853b22,11466b0a43d28dc4ad451e4d8288fa80968a4f3fb408d285bb8d8d7e7642f744,False,False,True
alternate_lr,25,"[7, 10, 58, 22, 4, 25, 46, 58, 48, 9, 52, 51, 20, 18, 38, 10]",1.9221419825595005,144,3574,1.8411599624310384,True,0.6454899187250267,a63fd8411d814a46e5860c51025c08df72f0f27277d0b7730a8bf2aaced44825,780b33fdfc02de53f2ae7cc9201f9fa2936f0ff30aa0689a5ed0b56fc370894a,f4ebb8fc1362bd20db449c850e1c9e2e42d397013bb482a5966bccb7563f4e2b,False,False,True
alternate_lr,26,"[28, 17, 33, 20, 49, 47, 20, 59, 58, 12, 57, 41, 55, 49, 19, 54]",1.9130656936689967,156,3730,1.4271972049355592,True,0.7160122216041163,90ba24c06b96ee7db1a72a29b48d68788983a5834413e57aa4cad76d4590da81,5bc72b5b05f5ca2893a7004cbcf1c80d29e358d268de943d652a64ce5294aab9,2f5a192b815a3513f5115aa7fca48f5970832099fcf3f334d30dd51277134f5d,False,False,True
alternate_lr,27,"[41, 29, 3, 49, 48, 43, 45, 54, 0, 49, 56, 43, 2, 19, 25, 49]",1.8768142055233146,156,3886,1.511851337825572,True,0.6888576341083383,5168d4086bfe504585db2b938edc5b081fc2fbe86943a1901cf3a54167f0ff27,65bd81b6d8266d368333306da892b72acdd52f63f90b7cbcdd7cc5fc937bbd8a,c2bd150ca808bcdef3e2c92060d995bf24607aec8da990814d3cb63f9fec94eb,False,False,True
alternate_lr,28,"[45, 40, 13, 25, 16, 42, 31, 11, 21, 59, 3, 44, 59, 16, 54, 38]",1.8853668749473491,148,4034,1.3710536343496915,True,0.690017378226905,c2f1ab60aa435ff1373195b52335fc4ed1ea025b979f7dfd90b825f8a9577afa,cd2c580285a7a4dbf1ad0467646e666026064ea657cdbc20a98a9f7ec4e23be0,acca24fc2bbc71ce9bae70adbc22bfe000a5cad4a12f978065e5f3c9f29a0b74,False,False,True
alternate_lr,29,"[34, 40, 9, 26, 18, 39, 13, 2, 2, 25, 43, 31, 52, 45, 53, 38]",1.8409577736888738,144,4178,1.334599014861996,True,0.7107258784450188,25cd1dbe469bbf5cea186fdd7f176e6b74fd19af4036a26b54f1ccca8ab38aae,d252d2a2a5fba33327965119ce36c785020eff0732800e27b2a05f79dc32c1d3,b73712091e4c94c3de206bac35b563f071db681f9e3d9f0c57662d58596326f7,False,False,True
alternate_lr,30,"[30, 6, 6, 15, 15, 31, 18, 49, 24, 55, 31, 32, 39, 17, 27, 18]",1.8568490263767357,134,4312,1.5829791369343742,True,0.7191267018066645,be301605f3546ff9f12622f37b35f7a56f1d8d7992a81beebf28983572ae06ed,e8b734e59c8271ef772ed66ca1cedcfa64839f985dd47abcee8803f62a2cb8bb,fdb9642ee63c45097e785182b52d527d47c5fd3063a77297e24a9edef86ca0b3,False,False,True
alternate_lr,31,"[18, 29, 54, 38, 47, 49, 13, 26, 43, 47, 37, 4, 12, 40, 45, 45]",1.7969379683547462,152,4464,1.264167134008316,True,0.7656372013046759,2eaa20cc29b231f3b36e8b607a5934468595ee9e1497be49ab029be42fd28664,d83f2cedd45e9e46085c85e68a0dbaa829c62ee72b96f959d76f76accd041834,b40fa5588f9705270974d9ae26bf2cccd38f1b4565d30d1fa28b39154cde3290,False,False,True
alternate_lr,32,"[41, 19, 11, 9, 3, 59, 24, 3, 41, 30, 32, 41, 57, 25, 26, 30]",1.809359719021848,144,4608,1.4018347060158303,True,0.7637162681822875,478d01c0d8492ef88a16f6778225969b8d29ef46fc39d18bccc048e5cba0b414,ce3c58671629cd092586a754306f2121c4afdc3f8efd946777a2eeaec1ce6b4e,2895680c58cb1f2f21ee3fee5dd1bfd6105a8f6d9dc93f281a77e1ea453f7c26,False,False,True
alternate_lr,33,"[30, 44, 3, 9, 53, 19, 0, 34, 45, 50, 3, 21, 11, 31, 36, 52]",1.7916917881169347,142,4750,1.3925214400873671,True,0.7740431099632643,82b2f6b6f13dfe3d6b6a2e7602c2c9bbe25853e408c0dd349cccd4a1f3df3832,ebf393025868c18ec0cf52bddc222b687fbe4bbc41e84ab70ff9bd183570457a,4d7354ebb371a5aa3f4153af3cc5a01be178666f10730da1eee52d15133e99b5,False,False,True
alternate_lr,34,"[2, 42, 30, 57, 59, 28, 23, 15, 29, 49, 28, 21, 45, 2, 7, 35]",1.761548371514271,146,4896,1.9094912943548485,True,0.7846350894497574,ce010654262a44aa29709d47793ed4c96cb68ea6feaa319f01240deca4e7bbf8,f7352f7ee65634fe49f71dd369457c57567832d2cd57eda8ca1807f7f7b5d589,f43cf064446ec12b80ad22e74b2f324a1f91deb9239daef19a7d3970e58de3e4,False,False,True
alternate_lr,35,"[38, 13, 59, 20, 23, 19, 14, 18, 42, 7, 42, 2, 17, 26, 55, 19]",1.7496969422360162,136,5032,1.8358759762660268,True,0.7913342958555483,3ffa54ae068726ef4606df6f23b00df9427156cb313b37c0310104cbb9f97d96,e6fb11161a285aec639a9353c05cfe743df325099086140a807adc638923f632,535eff76dc51da024b1cb75a4161564740f94cf109d0ad991a5d38944337b1da,False,False,True
alternate_lr,36,"[42, 53, 25, 16, 56, 28, 13, 54, 8, 9, 45, 19, 53, 30, 12, 25]",1.7144974394653545,144,5176,1.492349634330973,True,0.7825308272845981,5f8c3dbebb37b4ee54e600ace161a94017eb48523c953232e18af33972c39599,308629c2cd151aab17c773948bda319ba875929d3cd78e2a756218c576a8a00f,d55107637d92cdae15484f2f4c416591496ea2b9c2969e702273c11b0ff1581c,False,False,True
alternate_lr,37,"[55, 24, 54, 44, 52, 56, 56, 34, 50, 29, 58, 31, 47, 11, 19, 42]",1.7167471590704193,160,5336,1.7397124749455826,True,0.826796931102126,f80f169ca161d6bfb649c55b44c18ff576b5cd8580506332cddcc0b68bcb7fe7,99be5488f392059b93c2644c74b019caee3f87ba6ff72961fd20c9e0b18e5183,9d3a4bdf71b758dcc6bcb17b621bde12afaee5ef68c5a07e27d3e81c3131fdd1,False,False,True
alternate_lr,38,"[12, 18, 51, 19, 16, 17, 23, 15, 5, 25, 24, 9, 41, 36, 53, 4]",1.699410618124795,132,5468,2.1312162458345183,True,0.7314213370664068,6e05476fc7ba2d9d70b92711117177e471ed1e2d15ed6e3631199d399580e91b,6f2ef3af5ef43a51a3a30f63224ad6d7aad4ce4468604ef2d9419840d8046ca3,60ee8652b5a52c53c7562c184a23c9d08a224d958d4ea42f32c4f96613a5586a,False,False,True
alternate_lr,39,"[3, 3, 46, 40, 11, 6, 57, 43, 47, 29, 43, 37, 21, 5, 51, 45]",1.669983099503465,150,5618,2.109636105291901,True,0.7969943086631205,2bcf7128f6f2ed4bc90cd63f78510a0db32baa9c9d1900903c6bc040e7053ce9,7df799de7c4383ea91c39562cbdf5ac682775de016fc15da12527a959f8a5bea,c2c71d8139603b7389f615b82324ba4e85c93a66a2551f39e0d66707008a69f8,False,False,True
alternate_lr,40,"[0, 2, 23, 50, 15, 32, 38, 57, 13, 32, 35, 19, 21, 46, 44, 55]",1.6773658298576808,144,5762,1.5672246208693412,True,0.8116091667370635,e455dcbdafe617a8a511f8402ee6c3e7cb4e058eb77ca7a9f8cafead0188eacf,bca43a1e12662267fe2300073148bad6ff2ce48465fd265f0b65a98069b3acb3,c5f2cd47c2baf8d07b9b259efbecfb17e845ece9239fda84d60c7f00d7617934,False,False,True
